memberID,field,score,timeStmp,treatment
29678096482530236,Overall,5,1457977090,color
29678096482530236,Overall,3,1457977092,color
29678096482530236,Cleanliness,2,1457977096,color
29678096482530236,Cleanliness,3,1457977097,color
29678096482530236,SleepQuality,2,1457977098,color
29678096482530236,Room,3,1457977100,color
29678096482530236,Service,1,1457977102,color
29678096482530236,Value,2,1457977104,color
89043521904386580,Overall,2,1457977125,color
89043521904386580,Cleanliness,3,1457977128,color
89043521904386580,SleepQuality,1,1457977130,color
89043521904386580,Room,2,1457977131,color
89043521904386580,Service,3,1457977133,color
89043521904386580,Service,2,1457977136,color
89043521904386580,Service,3,1457977139,color
89043521904386580,Value,2,1457977144,color
89043521904386580,Value,3,1457977145,color
89043521904386580,Value,2,1457977146,color
89043521904386580,Service,2,1457977149,color
84574916958808900,Overall,2,1457977184,color
84574916958808900,Cleanliness,4,1457977187,color
84574916958808900,Cleanliness,5,1457977189,color
84574916958808900,SleepQuality,1,1457977191,color
84574916958808900,Room,2,1457977194,color
84574916958808900,Room,1,1457977195,color
84574916958808900,Service,5,1457977200,color
84574916958808900,Service,4,1457977201,color
84574916958808900,Value,1,1457977204,color
42383111361414190,Overall,2,1457977232,color
42383111361414190,Cleanliness,4,1457977234,color
42383111361414190,SleepQuality,1,1457977239,color
42383111361414190,SleepQuality,2,1457977241,color
42383111361414190,Room,2,1457977245,color
42383111361414190,Service,3,1457977249,color
42383111361414190,Value,3,1457977251,color
45992222405038776,Overall,2,1457977316,color
45992222405038776,Cleanliness,5,1457977321,color
45992222405038776,SleepQuality,1,1457977322,color
45992222405038776,Room,1,1457977326,color
45992222405038776,Service,5,1457977327,color
45992222405038776,Cleanliness,4,1457977328,color
45992222405038776,Value,2,1457977332,color
40285737217169440,Overall,3,1458061866,color
40285737217169440,Cleanliness,4,1458061868,color
40285737217169440,SleepQuality,3,1458061871,color
40285737217169440,Room,3,1458061873,color
40285737217169440,Service,4,1458061874,color
40285737217169440,Value,3,1458061882,color
36887629656971410,Overall,2,1458061940,color
36887629656971410,Cleanliness,2,1458061941,color
36887629656971410,SleepQuality,2,1458061942,color
36887629656971410,Room,2,1458061943,color
36887629656971410,Service,2,1458061944,color
36887629656971410,Value,2,1458061944,color
36887629656971410,Value,1,1458061945,color
55484622775307770,Overall,3,1458061975,color
55484622775307770,Cleanliness,4,1458061977,color
55484622775307770,SleepQuality,2,1458061979,color
55484622775307770,Room,2,1458061980,color
55484622775307770,Service,3,1458061981,color
55484622775307770,Value,3,1458061983,color
67194435906293656,Overall,1,1458061995,color
67194435906293656,Overall,1,1458061997,color
67194435906293656,Cleanliness,3,1458061999,color
67194435906293656,SleepQuality,2,1458062001,color
67194435906293656,Room,3,1458062003,color
67194435906293656,Service,4,1458062006,color
67194435906293656,Value,2,1458062007,color
2001824493390191.8,Overall,2,1458062037,color
2001824493390191.8,Cleanliness,3,1458062039,color
2001824493390191.8,SleepQuality,2,1458062041,color
2001824493390191.8,Room,2,1458062043,color
2001824493390191.8,Service,3,1458062046,color
2001824493390191.8,Value,2,1458062047,color
22927643436764324,Overall,2,1458062123,color
22927643436764324,Cleanliness,4,1458062131,color
22927643436764324,SleepQuality,1,1458062133,color
22927643436764324,Room,3,1458062135,color
22927643436764324,Service,5,1458062138,color
22927643436764324,Value,2,1458062141,color
27919675299914590,Overall,5,1458063513,color
27919675299914590,Overall,1,1458063522,color
27919675299914590,Cleanliness,3,1458063531,color
27919675299914590,SleepQuality,1,1458063534,color
27919675299914590,Room,1,1458063536,color
27919675299914590,Service,5,1458063538,color
27919675299914590,Value,1,1458063541,color
80502027575272210,Overall,4,1458149775,color
80502027575272210,Cleanliness,2,1458149777,color
80502027575272210,SleepQuality,2,1458149782,color
80502027575272210,Room,3,1458149783,color
80502027575272210,Overall,2,1458149785,color
80502027575272210,Overall,1,1458149786,color
80502027575272210,Service,2,1458149789,color
80502027575272210,Value,2,1458149791,color
48847041456703350,Overall,2,1458149863,color
48847041456703350,Cleanliness,5,1458149865,color
48847041456703350,SleepQuality,3,1458149868,color
48847041456703350,Room,3,1458149871,color
48847041456703350,Service,5,1458149872,color
48847041456703350,Value,1,1458149875,color
2157457963381492.8,Overall,2,1458149895,color
2157457963381492.8,Cleanliness,4,1458149898,color
2157457963381492.8,SleepQuality,2,1458149899,color
2157457963381492.8,Room,3,1458149901,color
2157457963381492.8,Service,3,1458149903,color
2157457963381492.8,Value,3,1458149904,color
2157457963381492.8,Value,2,1458149906,color
77206301109362000,Overall,4,1458149961,color
77206301109362000,Cleanliness,4,1458149963,color
77206301109362000,Overall,3,1458149964,color
77206301109362000,SleepQuality,3,1458149967,color
55850335418648300,Room,3,1458149970,color
55850335418648300,SleepQuality,2,1458149971,color
77206301109362000,Room,3,1458149972,color
55850335418648300,Cleanliness,3,1458149973,color
77206301109362000,Service,3,1458149974,color
55850335418648300,Overall,3,1458149974,color
77206301109362000,Value,2,1458149975,color
55850335418648300,Service,2,1458149978,color
55850335418648300,Value,2,1458149979,color
55850335418648300,Value,1,1458149981,color
55850335418648300,Value,2,1458149983,color
55850335418648300,Value,4,1458149984,color
55850335418648300,Value,4,1458149985,color
55850335418648300,Value,4,1458149986,color
55850335418648300,Value,1,1458149987,color
55850335418648300,Overall,2,1458149996,color
49001494105503980,Overall,2,1458150098,color
49001494105503980,Cleanliness,4,1458150104,color
49001494105503980,Cleanliness,3,1458150106,color
49001494105503980,Cleanliness,2,1458150107,color
49001494105503980,Cleanliness,5,1458150108,color
49001494105503980,Cleanliness,4,1458150109,color
49001494105503980,SleepQuality,2,1458150117,color
49001494105503980,Room,3,1458150120,color
49001494105503980,Service,4,1458150123,color
49001494105503980,Value,2,1458150126,color
49001494105503980,Room,2,1458150138,color
49001494105503980,Service,3,1458150144,color
21706044207807772,Overall,2,1458155139,color
21706044207807772,Cleanliness,2,1458155143,color
21706044207807772,SleepQuality,2,1458155144,color
21706044207807772,Room,2,1458155145,color
21706044207807772,Service,4,1458155147,color
21706044207807772,Value,1,1458155149,color
33615801626097276,Overall,3,1458155157,color
27231049068098344,Overall,3,1458155160,color
33615801626097276,Cleanliness,4,1458155161,color
33615801626097276,SleepQuality,1,1458155163,color
27231049068098344,Cleanliness,4,1458155164,color
27231049068098344,SleepQuality,2,1458155165,color
27231049068098344,Room,3,1458155166,color
33615801626097276,Room,2,1458155167,color
27231049068098344,Service,4,1458155169,color
27231049068098344,Value,2,1458155169,color
70381829528339020,Overall,2,1458155170,color
33615801626097276,Service,5,1458155172,color
70381829528339020,Cleanliness,4,1458155172,color
70381829528339020,SleepQuality,2,1458155174,color
70381829528339020,Room,2,1458155175,color
33615801626097276,Value,3,1458155176,color
70381829528339020,Service,4,1458155178,color
70381829528339020,Value,3,1458155179,color
68264460435612360,SleepQuality,2,1458155336,color
68264460435612360,Cleanliness,3,1458155340,color
68264460435612360,Overall,3,1458155345,color
68264460435612360,Room,2,1458155348,color
68264460435612360,Service,2,1458155358,color
68264460435612360,Value,2,1458155361,color
68264460435612360,Overall,2,1458155366,color
68264460435612360,Cleanliness,4,1458155374,color
68264460435612360,Overall,3,1458155375,color
68264460435612360,Overall,2,1458155393,color
24667451876184000,Overall,3,1458156788,color
24667451876184000,Cleanliness,4,1458156791,color
24667451876184000,SleepQuality,2,1458156793,color
24667451876184000,Room,2,1458156794,color
24667451876184000,Service,3,1458156797,color
24667451876184000,Value,3,1458156801,color
81667630077924670,Cleanliness,5,1458156820,color
81667630077924670,Overall,3,1458156828,color
81667630077924670,SleepQuality,2,1458156828,color
81667630077924670,Room,1,1458156830,color
81667630077924670,Service,3,1458156831,color
81667630077924670,Value,2,1458156832,color
74534201994710980,Overall,2,1458156898,color
74534201994710980,Cleanliness,3,1458156899,color
74534201994710980,SleepQuality,1,1458156901,color
74534201994710980,Room,3,1458156902,color
74534201994710980,Service,2,1458156903,color
74534201994710980,Value,2,1458156904,color
86014057150390530,Overall,2,1458157265,color
86014057150390530,Cleanliness,3,1458157271,color
86014057150390530,Cleanliness,3,1458157272,color
86014057150390530,Cleanliness,4,1458157273,color
86014057150390530,SleepQuality,1,1458157277,color
86014057150390530,Room,2,1458157282,color
86014057150390530,Service,4,1458157285,color
86014057150390530,Value,2,1458157288,color
87249417368341490,Overall,3,1458236401,color
87249417368341490,Cleanliness,3,1458236404,color
87249417368341490,SleepQuality,3,1458236407,color
87249417368341490,Room,2,1458236409,color
87249417368341490,Service,3,1458236412,color
87249417368341490,Value,3,1458236414,color
87249417368341490,Cleanliness,4,1458236435,color
87249417368341490,Cleanliness,3,1458236440,color
87249417368341490,Cleanliness,4,1458236441,color
9808473584098576,Overall,3,1459359387,color
9808473584098576,Cleanliness,4,1459359389,color
9808473584098576,SleepQuality,1,1459359390,color
9808473584098576,Room,2,1459359392,color
9808473584098576,Service,5,1459359394,color
9808473584098576,Value,2,1459359395,color
9808473584098576,Value,3,1459359397,color
78945750805965730,Overall,3,1459359526,color
78945750805965730,Cleanliness,4,1459359529,color
78945750805965730,SleepQuality,2,1459359531,color
78945750805965730,Room,2,1459359534,color
78945750805965730,Room,2,1459359536,color
78945750805965730,Service,3,1459359539,color
78945750805965730,Value,2,1459359541,color
11246191970434638,Overall,2,1459359566,color
11246191970434638,Cleanliness,3,1459359568,color
11246191970434638,SleepQuality,1,1459359570,color
11246191970434638,Room,1,1459359571,color
11246191970434638,Service,2,1459359572,color
11246191970434638,Value,2,1459359574,color
34231165581705468,Overall,3,1459359608,color
34231165581705468,Cleanliness,3,1459359610,color
34231165581705468,Overall,2,1459359612,color
34231165581705468,Overall,3,1459359613,color
34231165581705468,Overall,4,1459359614,color
34231165581705468,Overall,1,1459359615,color
34231165581705468,Overall,3,1459359616,color
34231165581705468,SleepQuality,2,1459359619,color
34231165581705468,Room,2,1459359621,color
34231165581705468,Service,3,1459359624,color
34231165581705468,Value,3,1459359626,color
34231165581705468,Overall,2,1459359629,color
34231165581705468,Overall,3,1459359631,color
34231165581705468,Value,2,1459359644,color
40998568946256150,Overall,2,1459359668,color
40998568946256150,Cleanliness,4,1459359670,color
40998568946256150,SleepQuality,1,1459359672,color
40998568946256150,Room,2,1459359675,color
40998568946256150,Service,4,1459359677,color
40998568946256150,Value,2,1459359692,color
26226600023055324,Overall,4,1459359778,color
26226600023055324,Overall,3,1459359784,color
26226600023055324,Cleanliness,4,1459359786,color
26226600023055324,SleepQuality,2,1459359787,color
26226600023055324,Room,2,1459359790,color
26226600023055324,Service,3,1459359791,color
26226600023055324,Value,2,1459359793,color
25274005502247388,Overall,5,1459361273,color
94907853256175920,Overall,2,1459361274,color
94907853256175920,Cleanliness,4,1459361277,color
25274005502247388,Overall,2,1459361278,color
94907853256175920,SleepQuality,1,1459361280,color
25274005502247388,Cleanliness,2,1459361281,color
25274005502247388,SleepQuality,1,1459361282,color
25274005502247388,Room,3,1459361284,color
94907853256175920,Room,2,1459361284,color
25274005502247388,Service,3,1459361286,color
25274005502247388,Value,3,1459361288,color
94907853256175920,Service,1,1459361288,color
94907853256175920,Value,4,1459361291,color
94907853256175920,Value,2,1459361293,color
94907853256175920,Room,1,1459361299,color
94907853256175920,Service,2,1459361302,color
94907853256175920,Service,3,1459361304,color
84115108993345390,Overall,3,1459361389,color
84115108993345390,Cleanliness,2,1459361391,color
84115108993345390,Cleanliness,3,1459361392,color
92254682302467860,Overall,1,1459361392,color
84115108993345390,SleepQuality,2,1459361394,color
84115108993345390,Room,2,1459361396,color
92254682302467860,Cleanliness,3,1459361397,color
84115108993345390,Service,2,1459361397,color
84115108993345390,Service,3,1459361398,color
92254682302467860,SleepQuality,1,1459361400,color
84115108993345390,Value,2,1459361400,color
92254682302467860,Room,2,1459361404,color
92254682302467860,Service,4,1459361409,color
92254682302467860,Value,1,1459361414,color
40860426115899240,Overall,3,1459361456,color
40860426115899240,Cleanliness,4,1459361459,color
40860426115899240,SleepQuality,2,1459361461,color
40860426115899240,Room,2,1459361466,color
40860426115899240,Service,4,1459361469,color
40860426115899240,Value,2,1459361477,color
40860426115899240,Value,3,1459361488,color
99580519576665600,SleepQuality,1,1459363058,color
99580519576665600,Service,5,1459363061,color
99580519576665600,Service,4,1459363063,color
99580519576665600,Value,1,1459363067,color
99580519576665600,Overall,2,1459363070,color
99580519576665600,Cleanliness,3,1459363073,color
99580519576665600,Room,3,1459363076,color
70514481512965040,Overall,3,1459363141,color
70514481512965040,Cleanliness,3,1459363143,color
70514481512965040,SleepQuality,2,1459363144,color
70514481512965040,Room,2,1459363145,color
70514481512965040,Service,3,1459363147,color
70514481512965040,Value,2,1459363148,color
78477842602512500,Overall,2,1459363189,color
78477842602512500,Cleanliness,4,1459363193,color
78477842602512500,SleepQuality,2,1459363197,color
78477842602512500,Room,3,1459363199,color
78477842602512500,Service,1,1459363203,color
78477842602512500,Service,2,1459363205,color
78477842602512500,SleepQuality,1,1459363210,color
78477842602512500,Overall,3,1459363214,color
78477842602512500,Value,2,1459363215,color
78322490878990700,Overall,2,1459363231,color
78322490878990700,Cleanliness,2,1459363232,color
78322490878990700,SleepQuality,2,1459363234,color
78322490878990700,Room,3,1459363238,color
78322490878990700,Service,4,1459363240,color
78322490878990700,Value,1,1459363242,color
54307408243890490,Overall,1,1459364796,color
54307408243890490,Cleanliness,3,1459364798,color
54307408243890490,SleepQuality,1,1459364799,color
54307408243890490,Room,1,1459364800,color
54307408243890490,Room,2,1459364801,color
54307408243890490,Service,2,1459364802,color
54307408243890490,Value,1,1459364803,color
61613408614690860,Overall,2,1459364808,color
61613408614690860,Cleanliness,1,1459364809,color
61613408614690860,SleepQuality,2,1459364810,color
61613408614690860,Room,3,1459364811,color
61613408614690860,Service,4,1459364812,color
86124014749865570,Overall,3,1459364813,color
61613408614690860,Value,3,1459364814,color
86124014749865570,Overall,1,1459364818,color
86124014749865570,Cleanliness,2,1459364820,color
86124014749865570,SleepQuality,2,1459364822,color
86124014749865570,Room,2,1459364823,color
86124014749865570,Service,5,1459364824,color
86124014749865570,Service,4,1459364826,color
86124014749865570,Value,3,1459364828,color
76983361420656620,Overall,3,1459364930,color
76983361420656620,Overall,2,1459364931,color
76983361420656620,Cleanliness,4,1459364934,color
76983361420656620,SleepQuality,1,1459364935,color
76983361420656620,Room,2,1459364936,color
76983361420656620,Service,4,1459364938,color
76983361420656620,Value,2,1459364940,color
76983361420656620,Value,2,1459364941,color
76983361420656620,Overall,2,1459364957,color
76983361420656620,Cleanliness,4,1459364959,color
76983361420656620,SleepQuality,1,1459364959,color
76983361420656620,Room,2,1459364960,color
76983361420656620,Service,3,1459364962,color
76983361420656620,Value,3,1459364963,color
70712828646304300,Overall,4,1459364967,color
70712828646304300,Overall,2,1459364971,color
70712828646304300,Cleanliness,3,1459364973,color
70712828646304300,SleepQuality,2,1459364975,color
70712828646304300,Room,2,1459364978,color
70712828646304300,Service,2,1459364981,color
70712828646304300,Value,2,1459364982,color
97113461206922770,Overall,1,1459365041,color
97113461206922770,Cleanliness,1,1459365042,color
97113461206922770,SleepQuality,1,1459365043,color
97113461206922770,Room,1,1459365044,color
97113461206922770,Service,1,1459365046,color
97113461206922770,Value,1,1459365046,color
42391908782429064,Cleanliness,4,1459365315,color
42391908782429064,SleepQuality,2,1459365318,color
42391908782429064,Room,2,1459365319,color
42391908782429064,Service,5,1459365321,color
42391908782429064,Value,3,1459365323,color
42391908782429064,Overall,3,1459365326,color
50901259939751270,Overall,5,1461694606,color
50901259939751270,Overall,2,1461694613,color
50901259939751270,Cleanliness,4,1461694616,color
50901259939751270,SleepQuality,2,1461694618,color
50901259939751270,Room,3,1461694621,color
50901259939751270,Service,5,1461694623,color
50901259939751270,Value,3,1461694625,color
76850724000509170,Overall,4,1461696070,color
76850724000509170,Cleanliness,2,1461696072,color
76850724000509170,SleepQuality,4,1461696074,color
76850724000509170,Room,2,1461696077,color
76850724000509170,Service,3,1461696079,color
76850724000509170,Value,3,1461696080,color
5887653323593089,Overall,3,1461696177,color
5887653323593089,Overall,2,1461696178,color
5887653323593089,Cleanliness,3,1461696179,color
5887653323593089,SleepQuality,1,1461696180,color
5887653323593089,Room,2,1461696181,color
5887653323593089,Service,5,1461696183,color
5887653323593089,Value,2,1461696185,color
5887653323593089,Value,1,1461696186,color
31419968852938296,Overall,2,1461696304,color
31419968852938296,Cleanliness,4,1461696307,color
31419968852938296,SleepQuality,2,1461696308,color
31419968852938296,Room,2,1461696310,color
31419968852938296,Service,4,1461696313,color
31419968852938296,Cleanliness,3,1461696314,color
31419968852938296,Value,3,1461696317,color
83492293804134500,Overall,5,1461697191,color
83492293804134500,Overall,1,1461697194,color
83492293804134500,Cleanliness,3,1461697198,color
83492293804134500,SleepQuality,1,1461697200,color
83492293804134500,Room,2,1461697204,color
83492293804134500,Overall,2,1461697205,color
83492293804134500,Service,3,1461697207,color
83492293804134500,Value,2,1461697209,color
54411098262120810,Overall,1,1461699272,color
54411098262120810,Cleanliness,4,1461699273,color
54411098262120810,SleepQuality,1,1461699276,color
54411098262120810,Room,2,1461699277,color
54411098262120810,Service,3,1461699280,color
54411098262120810,Value,1,1461699282,color
87635037186830780,Overall,3,1461699307,color
87635037186830780,Cleanliness,4,1461699309,color
87635037186830780,SleepQuality,4,1461699310,color
87635037186830780,Room,4,1461699311,color
87635037186830780,Value,2,1461699313,color
87635037186830780,Service,3,1461699314,color
87635037186830780,Value,5,1461699316,color
87635037186830780,Value,4,1461699317,color
2338149412408463.5,Cleanliness,4,1461699327,color
2338149412408463.5,Overall,2,1461699329,color
2338149412408463.5,Overall,1,1461699330,color
2338149412408463.5,Overall,2,1461699331,color
2338149412408463.5,SleepQuality,1,1461699332,color
2338149412408463.5,Room,2,1461699333,color
2338149412408463.5,Service,3,1461699334,color
2338149412408463.5,Service,4,1461699335,color
2338149412408463.5,Service,3,1461699336,color
2338149412408463.5,Value,2,1461699337,color
60792483264416400,Overall,1,1461699445,color
60792483264416400,SleepQuality,2,1461699456,color
60792483264416400,Cleanliness,2,1461699457,color
60792483264416400,Room,2,1461699459,color
60792483264416400,Service,3,1461699462,color
60792483264416400,Value,2,1461699465,color
60792483264416400,Overall,2,1461699468,color
11367390143424650,Overall,4,1461701560,color
11367390143424650,Cleanliness,2,1461701562,color
11367390143424650,Overall,2,1461701563,color
11367390143424650,Cleanliness,3,1461701565,color
11367390143424650,SleepQuality,1,1461701567,color
11367390143424650,Room,3,1461701568,color
11367390143424650,Service,2,1461701570,color
11367390143424650,Value,2,1461701572,color
30707157944879660,Overall,5,1461701697,color
30707157944879660,Overall,2,1461701702,color
30707157944879660,Cleanliness,3,1461701704,color
30707157944879660,SleepQuality,1,1461701707,color
30707157944879660,Room,2,1461701708,color
30707157944879660,Service,5,1461701713,color
30707157944879660,Value,2,1461701713,color
13800960157592334,Overall,5,1461701766,color
13800960157592334,Cleanliness,5,1461701766,color
13800960157592334,SleepQuality,5,1461701766,color
13800960157592334,Room,5,1461701768,color
13800960157592334,Service,5,1461701768,color
13800960157592334,Value,5,1461701769,color
34743139592302596,Overall,3,1461703221,color
34743139592302596,Cleanliness,4,1461703224,color
34743139592302596,SleepQuality,1,1461703226,color
34743139592302596,Room,2,1461703228,color
34743139592302596,Room,1,1461703230,color
34743139592302596,Room,2,1461703231,color
34743139592302596,Service,4,1461703234,color
34743139592302596,Value,2,1461703236,color
43955548998797830,Overall,2,1461703273,color
43955548998797830,Cleanliness,4,1461703277,color
43955548998797830,SleepQuality,2,1461703278,color
43955548998797830,Room,2,1461703280,color
43955548998797830,Service,4,1461703281,color
43955548998797830,Value,1,1461703284,color
43955548998797830,SleepQuality,1,1461703290,color
94782394118690080,Overall,2,1461703347,color
94782394118690080,Cleanliness,2,1461703347,color
94782394118690080,SleepQuality,1,1461703349,color
94782394118690080,Room,3,1461703353,color
94782394118690080,Service,2,1461703355,color
94782394118690080,Value,2,1461703356,color
49391472782008350,Value,3,1457976888,green
49391472782008350,Service,3,1457976891,green
49391472782008350,Room,2,1457976893,green
49391472782008350,SleepQuality,2,1457976895,green
49391472782008350,Cleanliness,2,1457976895,green
49391472782008350,Overall,3,1457976896,green
40850083203986290,Overall,3,1457976951,green
40850083203986290,Cleanliness,4,1457976953,green
40850083203986290,SleepQuality,2,1457976954,green
40850083203986290,Room,3,1457976956,green
40850083203986290,Service,4,1457976958,green
40850083203986290,Value,3,1457976960,green
10182418767362834,Overall,1,1457976977,green
10182418767362834,Cleanliness,3,1457976982,green
10182418767362834,SleepQuality,1,1457976984,green
10182418767362834,Room,1,1457976985,green
10182418767362834,Service,1,1457976986,green
10182418767362834,Value,1,1457976987,green
83435397408902640,Overall,4,1457977008,green
83435397408902640,Cleanliness,5,1457977013,green
83435397408902640,SleepQuality,2,1457977015,green
83435397408902640,Room,4,1457977016,green
83435397408902640,Service,5,1457977019,green
83435397408902640,Value,2,1457977023,green
94160609506070610,Overall,2,1457977043,green
94160609506070610,Cleanliness,4,1457977046,green
94160609506070610,SleepQuality,1,1457977047,green
94160609506070610,Room,1,1457977048,green
94160609506070610,Service,2,1457977050,green
94160609506070610,Value,2,1457977051,green
99236495024524620,Overall,4,1457977057,green
99236495024524620,Overall,2,1457977060,green
99236495024524620,Cleanliness,3,1457977063,green
99236495024524620,Cleanliness,4,1457977064,green
99236495024524620,SleepQuality,1,1457977066,green
99236495024524620,Room,2,1457977068,green
99236495024524620,Service,2,1457977069,green
99236495024524620,Value,1,1457977071,green
90872586052864780,Overall,2,1457977101,green
90872586052864780,Cleanliness,4,1457977102,green
68601347506046296,Overall,2,1457977103,green
90872586052864780,SleepQuality,1,1457977104,green
90872586052864780,Room,2,1457977105,green
68601347506046296,Cleanliness,2,1457977106,green
68601347506046296,SleepQuality,1,1457977107,green
90872586052864780,Service,4,1457977107,green
68601347506046296,Room,1,1457977107,green
90872586052864780,Value,2,1457977108,green
68601347506046296,Service,3,1457977110,green
68601347506046296,Service,2,1457977111,green
68601347506046296,Value,1,1457977113,green
57259765802882610,Overall,2,1457977142,green
57259765802882610,Cleanliness,4,1457977145,green
57259765802882610,SleepQuality,2,1457977147,green
57259765802882610,Room,2,1457977152,green
57259765802882610,Service,4,1457977154,green
57259765802882610,Value,1,1457977155,green
45236531179398296,Overall,4,1457977196,green
45236531179398296,Cleanliness,2,1457977202,green
45236531179398296,Cleanliness,3,1457977203,green
45236531179398296,SleepQuality,2,1457977204,green
45236531179398296,Room,4,1457977206,green
45236531179398296,Room,2,1457977207,green
45236531179398296,Cleanliness,4,1457977210,green
45236531179398296,Overall,3,1457977212,green
45236531179398296,Service,3,1457977217,green
45236531179398296,Value,3,1457977219,green
12490565772168338,Overall,2,1457977226,green
12490565772168338,Cleanliness,3,1457977229,green
12490565772168338,SleepQuality,2,1457977231,green
12490565772168338,Room,3,1457977233,green
12490565772168338,Service,3,1457977237,green
12490565772168338,Value,2,1457977238,green
381486622248794.5,Overall,5,1458061872,green
381486622248794.5,Overall,2,1458061877,green
381486622248794.5,Cleanliness,3,1458061879,green
381486622248794.5,SleepQuality,2,1458061881,green
381486622248794.5,Room,2,1458061884,green
381486622248794.5,Service,4,1458061886,green
381486622248794.5,Value,2,1458061888,green
18854685101133704,Overall,4,1458061925,green
18854685101133704,Overall,2,1458061927,green
18854685101133704,Cleanliness,3,1458061929,green
18854685101133704,SleepQuality,2,1458061930,green
18854685101133704,Room,2,1458061932,green
18854685101133704,Service,5,1458061933,green
18854685101133704,Value,1,1458061936,green
2940828697425623.5,Overall,3,1458062067,green
2940828697425623.5,Cleanliness,4,1458062070,green
2940828697425623.5,SleepQuality,2,1458062073,green
2940828697425623.5,Room,3,1458062074,green
2940828697425623.5,Service,5,1458062075,green
2940828697425623.5,Value,2,1458062077,green
2940828697425623.5,Value,3,1458062083,green
51218849616544216,Overall,2,1458062302,green
51218849616544216,Cleanliness,4,1458062306,green
51218849616544216,SleepQuality,1,1458062309,green
51218849616544216,Room,3,1458062312,green
51218849616544216,Service,2,1458062314,green
51218849616544216,Overall,1,1458062317,green
51218849616544216,Value,1,1458062319,green
51218849616544216,SleepQuality,2,1458062320,green
41312180868420810,Overall,2,1458063334,green
41312180868420810,Overall,3,1458063337,green
41312180868420810,Overall,2,1458063338,green
41312180868420810,Cleanliness,2,1458063339,green
41312180868420810,SleepQuality,1,1458063340,green
41312180868420810,Room,1,1458063342,green
41312180868420810,Service,1,1458063343,green
41312180868420810,Value,1,1458063344,green
41312180868420810,Overall,1,1458063350,green
70809796993112100,Overall,5,1458063762,green
70809796993112100,Overall,2,1458063770,green
70809796993112100,Cleanliness,4,1458063776,green
70809796993112100,SleepQuality,2,1458063778,green
70809796993112100,Room,3,1458063780,green
70809796993112100,Service,4,1458063782,green
70809796993112100,Value,3,1458063784,green
69572917868881360,Overall,2,1458149833,green
69572917868881360,Cleanliness,2,1458149835,green
69572917868881360,SleepQuality,1,1458149836,green
69572917868881360,Room,3,1458149838,green
69572917868881360,Service,2,1458149840,green
69572917868881360,Value,1,1458149841,green
9819565033705468,Overall,2,1458149843,green
9819565033705468,Cleanliness,3,1458149845,green
9819565033705468,SleepQuality,1,1458149848,green
9819565033705468,Room,2,1458149851,green
9819565033705468,Overall,1,1458149854,green
9819565033705468,Service,4,1458149856,green
9819565033705468,Value,2,1458149858,green
36231750586635680,Overall,2,1458149890,green
36231750586635680,Cleanliness,2,1458149892,green
36231750586635680,SleepQuality,1,1458149894,green
36231750586635680,Room,2,1458149896,green
36231750586635680,Service,3,1458149899,green
36231750586635680,Value,2,1458149901,green
95265875099684380,Overall,3,1458149951,green
95265875099684380,Cleanliness,4,1458149955,green
95265875099684380,SleepQuality,1,1458149956,green
95265875099684380,Room,3,1458149958,green
95265875099684380,Service,5,1458149960,green
95265875099684380,Overall,2,1458149961,green
95265875099684380,Value,1,1458149963,green
32068040444307710,Overall,2,1458150294,green
32068040444307710,Cleanliness,3,1458150300,green
32068040444307710,SleepQuality,2,1458150303,green
32068040444307710,Room,3,1458150304,green
32068040444307710,Service,2,1458150308,green
71355768003254610,Value,3,1458150314,green
71355768003254610,Service,3,1458150315,green
71355768003254610,Room,2,1458150315,green
71355768003254610,SleepQuality,3,1458150317,green
71355768003254610,Cleanliness,3,1458150318,green
71355768003254610,Overall,2,1458150319,green
80016126447864800,Overall,2,1458155212,green
80016126447864800,Cleanliness,3,1458155216,green
80016126447864800,SleepQuality,2,1458155218,green
80016126447864800,Room,2,1458155220,green
80016126447864800,Service,3,1458155224,green
80016126447864800,Value,2,1458155226,green
33821539870162696,Overall,2,1458155274,green
33821539870162696,Cleanliness,3,1458155277,green
33821539870162696,SleepQuality,2,1458155279,green
2665884578980337.5,Overall,3,1458155280,green
33821539870162696,Room,2,1458155281,green
2665884578980337.5,Cleanliness,3,1458155283,green
2665884578980337.5,SleepQuality,1,1458155285,green
33821539870162696,Service,4,1458155285,green
2665884578980337.5,Room,2,1458155286,green
33821539870162696,Value,3,1458155287,green
2665884578980337.5,Service,2,1458155288,green
2665884578980337.5,Value,1,1458155290,green
9328383973182940,Overall,2,1458155308,green
9328383973182940,Cleanliness,3,1458155312,green
9328383973182940,SleepQuality,1,1458155314,green
9328383973182940,Room,2,1458155318,green
9328383973182940,Service,4,1458155324,green
9328383973182940,Value,2,1458155326,green
70147995783458250,Overall,2,1458155354,green
70147995783458250,Cleanliness,3,1458155359,green
70147995783458250,SleepQuality,1,1458155361,green
70147995783458250,Room,1,1458155363,green
70147995783458250,Service,3,1458155365,green
70147995783458250,Value,2,1458155367,green
70147995783458250,Value,1,1458155368,green
30169785275804916,Overall,5,1458156697,green
30169785275804916,Overall,3,1458156701,green
30169785275804916,Cleanliness,3,1458156705,green
30169785275804916,SleepQuality,1,1458156707,green
30169785275804916,Room,3,1458156713,green
30169785275804916,Service,3,1458156714,green
30169785275804916,Value,2,1458156717,green
36935340187588280,Overall,2,1458156848,green
36935340187588280,Cleanliness,3,1458156852,green
36935340187588280,SleepQuality,2,1458156853,green
36935340187588280,Room,2,1458156854,green
36935340187588280,Service,3,1458156857,green
36935340187588280,Value,2,1458156859,green
10355531329162382,Overall,2,1458235709,green
10355531329162382,Cleanliness,4,1458235711,green
10355531329162382,SleepQuality,1,1458235712,green
10355531329162382,Room,1,1458235714,green
10355531329162382,Service,5,1458235715,green
10355531329162382,Value,2,1458235716,green
12934802686750890,Overall,2,1459359527,green
12934802686750890,Cleanliness,3,1459359529,green
12934802686750890,SleepQuality,1,1459359531,green
12934802686750890,Room,2,1459359533,green
12934802686750890,Service,3,1459359534,green
12934802686750890,Value,1,1459359536,green
12934802686750890,Overall,1,1459359537,green
83961120049814800,Overall,2,1459359547,green
83961120049814800,Cleanliness,2,1459359552,green
83961120049814800,SleepQuality,2,1459359554,green
83961120049814800,Room,2,1459359557,green
83961120049814800,Service,4,1459359558,green
83961120049814800,Value,1,1459359560,green
43316385168991170,Overall,1,1459359687,green
43316385168991170,Cleanliness,2,1459359694,green
43316385168991170,SleepQuality,2,1459359696,green
43316385168991170,Room,2,1459359697,green
93321569356466580,Overall,2,1459359699,green
93321569356466580,Cleanliness,2,1459359700,green
43316385168991170,Service,5,1459359701,green
93321569356466580,SleepQuality,2,1459359701,green
43316385168991170,Value,3,1459359702,green
93321569356466580,Room,3,1459359703,green
93321569356466580,Service,3,1459359704,green
93321569356466580,Value,3,1459359706,green
20599708291160310,Overall,5,1459361260,green
20599708291160310,Cleanliness,5,1459361260,green
20599708291160310,Overall,1,1459361263,green
20599708291160310,Overall,3,1459361265,green
49177596785929880,Overall,1,1459361267,green
20599708291160310,Cleanliness,4,1459361269,green
49177596785929880,Cleanliness,4,1459361270,green
20599708291160310,SleepQuality,2,1459361271,green
20599708291160310,Room,3,1459361273,green
20599708291160310,Service,3,1459361275,green
20599708291160310,Value,2,1459361277,green
49177596785929880,Cleanliness,3,1459361280,green
49177596785929880,SleepQuality,1,1459361282,green
49177596785929880,Room,2,1459361283,green
49177596785929880,Service,5,1459361286,green
49177596785929880,Value,2,1459361287,green
52140381108209550,Overall,2,1459361341,green
52140381108209550,Cleanliness,4,1459361343,green
52140381108209550,SleepQuality,1,1459361347,green
52140381108209550,Room,2,1459361347,green
52140381108209550,Service,4,1459361349,green
52140381108209550,Service,3,1459361353,green
52140381108209550,Service,4,1459361355,green
52140381108209550,Service,3,1459361358,green
52140381108209550,Value,1,1459361363,green
20801511710120700,Overall,2,1459363060,green
20801511710120700,Cleanliness,4,1459363064,green
20801511710120700,SleepQuality,2,1459363066,green
20801511710120700,Room,3,1459363068,green
20801511710120700,Service,2,1459363069,green
20801511710120700,Value,2,1459363070,green
44568210329054100,Overall,2,1459363090,green
44568210329054100,Cleanliness,4,1459363091,green
44568210329054100,SleepQuality,2,1459363093,green
44568210329054100,Room,3,1459363098,green
44568210329054100,Service,3,1459363098,green
44568210329054100,Value,2,1459363103,green
81671114904737650,SleepQuality,1,1459363156,green
81671114904737650,Cleanliness,4,1459363164,green
81671114904737650,Overall,2,1459363168,green
81671114904737650,Room,1,1459363172,green
81671114904737650,Service,2,1459363178,green
81671114904737650,Value,1,1459363179,green
79062556118801840,Overall,2,1459363189,green
79062556118801840,Cleanliness,4,1459363193,green
79062556118801840,SleepQuality,2,1459363198,green
79062556118801840,Room,3,1459363203,green
79062556118801840,Service,3,1459363211,green
79062556118801840,Value,2,1459363215,green
56809930004335580,Overall,2,1459364832,green
56809930004335580,Cleanliness,3,1459364834,green
56809930004335580,SleepQuality,2,1459364835,green
56809930004335580,Room,1,1459364837,green
56809930004335580,Service,4,1459364840,green
56809930004335580,Value,1,1459364841,green
24112676433461268,Overall,2,1459364855,green
24112676433461268,Cleanliness,3,1459364860,green
24112676433461268,SleepQuality,2,1459364861,green
24112676433461268,Room,2,1459364865,green
24112676433461268,Service,3,1459364869,green
24112676433461268,Service,4,1459364870,green
24112676433461268,Value,2,1459364872,green
14092912706873318,Overall,3,1459364881,green
60038509172706104,Overall,2,1459364883,green
67731840426882050,Overall,2,1459364885,green
67731840426882050,Cleanliness,3,1459364888,green
67731840426882050,SleepQuality,1,1459364889,green
60038509172706104,Cleanliness,4,1459364892,green
67731840426882050,Room,2,1459364893,green
60038509172706104,SleepQuality,1,1459364893,green
67731840426882050,Service,3,1459364896,green
60038509172706104,Room,2,1459364896,green
67731840426882050,Value,1,1459364898,green
60038509172706104,Service,3,1459364903,green
14092912706873318,Overall,2,1459364909,green
60038509172706104,Value,1,1459364912,green
14092912706873318,Cleanliness,3,1459364913,green
69070243603661450,Overall,3,1459364914,green
14092912706873318,SleepQuality,1,1459364915,green
14092912706873318,Room,2,1459364917,green
69070243603661450,Cleanliness,2,1459364920,green
14092912706873318,Service,3,1459364920,green
14092912706873318,Value,2,1459364921,green
69070243603661450,SleepQuality,3,1459364925,green
69070243603661450,Room,3,1459364929,green
69070243603661450,Service,3,1459364930,green
69070243603661450,Service,4,1459364931,green
69070243603661450,Value,2,1459364932,green
3881103236194128,Overall,1,1459364935,green
3881103236194128,Overall,2,1459364936,green
3881103236194128,Cleanliness,3,1459364938,green
3881103236194128,SleepQuality,2,1459364940,green
3881103236194128,Room,2,1459364943,green
3881103236194128,Service,3,1459364944,green
3881103236194128,Service,2,1459364946,green
3881103236194128,Value,2,1459364948,green
3881103236194128,Cleanliness,2,1459364949,green
67955066585590630,Overall,2,1459364995,green
67955066585590630,Cleanliness,3,1459364998,green
67955066585590630,SleepQuality,2,1459364999,green
67955066585590630,Room,2,1459365001,green
67955066585590630,Service,3,1459365004,green
67955066585590630,Value,2,1459365006,green
64361610225700700,Overall,3,1459365011,green
64361610225700700,Cleanliness,4,1459365015,green
64361610225700700,SleepQuality,2,1459365016,green
64361610225700700,Room,3,1459365019,green
64361610225700700,Service,3,1459365021,green
64361610225700700,Value,3,1459365023,green
67233516946876340,Overall,1,1461694162,green
67233516946876340,Cleanliness,2,1461694164,green
67233516946876340,SleepQuality,2,1461694165,green
67233516946876340,Room,2,1461694167,green
67233516946876340,Service,4,1461694170,green
72534930761077660,Overall,3,1461694172,green
67233516946876340,Value,2,1461694173,green
72534930761077660,Cleanliness,4,1461694180,green
72534930761077660,SleepQuality,1,1461694183,green
72534930761077660,Room,1,1461694185,green
72534930761077660,Service,5,1461694186,green
72534930761077660,Service,4,1461694190,green
72534930761077660,Cleanliness,3,1461694193,green
72534930761077660,Overall,2,1461694194,green
72534930761077660,Value,1,1461694198,green
7314347091758489,Overall,1,1461694216,green
7314347091758489,Cleanliness,4,1461694219,green
7314347091758489,SleepQuality,1,1461694220,green
7314347091758489,Room,1,1461694222,green
7314347091758489,Service,5,1461694223,green
7314347091758489,Value,1,1461694224,green
22245866002690428,Overall,2,1461694447,green
22245866002690428,Cleanliness,3,1461694450,green
22245866002690428,SleepQuality,1,1461694454,green
22245866002690428,SleepQuality,2,1461694456,green
22245866002690428,Room,2,1461694458,green
22245866002690428,Service,4,1461694460,green
22245866002690428,Value,2,1461694462,green
6024392570485104,Overall,4,1461696249,green
6024392570485104,Overall,3,1461696253,green
6024392570485104,Cleanliness,3,1461696255,green
6024392570485104,SleepQuality,2,1461696257,green
6024392570485104,Room,2,1461696258,green
6024392570485104,Service,3,1461696259,green
6024392570485104,Value,2,1461696261,green
6024392570485104,Cleanliness,2,1461696264,green
40373670390248420,Overall,3,1461696382,green
40373670390248420,Cleanliness,3,1461696383,green
40373670390248420,SleepQuality,1,1461696385,green
40373670390248420,Room,1,1461696386,green
40373670390248420,Service,4,1461696387,green
40373670390248420,Value,1,1461696388,green
40373670390248420,Value,2,1461696389,green
41460479809003690,Overall,3,1461697229,green
41460479809003690,Overall,2,1461697232,green
41460479809003690,Overall,3,1461697233,green
41460479809003690,Cleanliness,5,1461697235,green
41460479809003690,SleepQuality,2,1461697236,green
41460479809003690,Room,2,1461697239,green
41460479809003690,Service,4,1461697240,green
41460479809003690,Value,3,1461697241,green
13582068616625742,Overall,3,1461697753,green
13582068616625742,Cleanliness,5,1461697757,green
13582068616625742,SleepQuality,2,1461697760,green
13582068616625742,Room,2,1461697763,green
13582068616625742,Service,4,1461697764,green
13582068616625742,Value,3,1461697766,green
72227132523816050,Cleanliness,4,1461697827,green
72227132523816050,SleepQuality,2,1461697830,green
72227132523816050,Room,2,1461697832,green
72227132523816050,Service,4,1461697833,green
72227132523816050,Value,2,1461697835,green
72227132523816050,Overall,3,1461697837,green
33766042443121050,Overall,1,1461699296,green
33766042443121050,Overall,2,1461699297,green
33766042443121050,Cleanliness,3,1461699300,green
33766042443121050,SleepQuality,2,1461699301,green
33766042443121050,Room,2,1461699302,green
33766042443121050,Service,4,1461699303,green
33766042443121050,Value,1,1461699308,green
19691294044541240,Overall,3,1461699320,green
19691294044541240,Cleanliness,4,1461699322,green
19691294044541240,Service,4,1461699324,green
19691294044541240,Room,2,1461699325,green
19691294044541240,SleepQuality,2,1461699326,green
19691294044541240,SleepQuality,1,1461699327,green
19691294044541240,Value,2,1461699329,green
71570700797331030,Overall,4,1461699351,green
71570700797331030,Overall,2,1461699356,green
71570700797331030,Cleanliness,2,1461699357,green
71570700797331030,Cleanliness,3,1461699358,green
71570700797331030,Cleanliness,4,1461699360,green
71570700797331030,SleepQuality,2,1461699360,green
71570700797331030,Room,2,1461699363,green
71570700797331030,Service,4,1461699364,green
71570700797331030,Value,2,1461699365,green
43019742602929660,Overall,2,1461699404,green
43019742602929660,Cleanliness,3,1461699407,green
43019742602929660,SleepQuality,2,1461699409,green
43019742602929660,Room,1,1461699411,green
43019742602929660,Service,4,1461699412,green
43019742602929660,Value,1,1461699415,green
77191569107766450,Overall,2,1461699430,green
77191569107766450,Cleanliness,3,1461699432,green
77191569107766450,Cleanliness,4,1461699434,green
77191569107766450,SleepQuality,2,1461699435,green
83338924081887230,Overall,2,1461699435,green
83338924081887230,Cleanliness,4,1461699437,green
77191569107766450,Room,2,1461699437,green
83338924081887230,SleepQuality,2,1461699438,green
77191569107766450,Service,2,1461699440,green
83338924081887230,Room,2,1461699441,green
77191569107766450,Value,2,1461699441,green
83338924081887230,Service,4,1461699442,green
83338924081887230,Value,2,1461699444,green
21246237647302868,Overall,3,1461699481,green
21246237647302868,Cleanliness,4,1461699484,green
21246237647302868,Cleanliness,3,1461699485,green
21246237647302868,SleepQuality,2,1461699485,green
21246237647302868,SleepQuality,2,1461699486,green
21246237647302868,Room,2,1461699487,green
21246237647302868,Service,5,1461699489,green
21246237647302868,Value,3,1461699492,green
2827721498083235.5,Overall,1,1461699503,green
2827721498083235.5,Cleanliness,1,1461699504,green
2827721498083235.5,Cleanliness,3,1461699506,green
2827721498083235.5,SleepQuality,1,1461699509,green
2827721498083235.5,Room,1,1461699510,green
2827721498083235.5,Service,5,1461699512,green
2827721498083235.5,Value,1,1461699513,green
2827721498083235.5,Cleanliness,2,1461699522,green
5449201196428421,Overall,3,1461701498,green
5449201196428421,Cleanliness,4,1461701502,green
5449201196428421,SleepQuality,2,1461701503,green
5449201196428421,Room,3,1461701506,green
5449201196428421,Service,3,1461701508,green
5449201196428421,Value,3,1461701509,green
50724607036684220,Overall,2,1461701524,green
50724607036684220,Cleanliness,3,1461701527,green
50724607036684220,SleepQuality,2,1461701529,green
50724607036684220,SleepQuality,1,1461701530,green
50724607036684220,Room,2,1461701531,green
50724607036684220,Service,3,1461701533,green
50724607036684220,Value,2,1461701534,green
79221917376574290,Overall,2,1461703259,green
79221917376574290,Cleanliness,2,1461703260,green
79221917376574290,Cleanliness,4,1461703262,green
79221917376574290,SleepQuality,2,1461703263,green
79221917376574290,Room,2,1461703264,green
79221917376574290,Service,4,1461703266,green
79221917376574290,Value,2,1461703267,green
33891771888594180,Overall,2,1461703287,green
33891771888594180,Cleanliness,2,1461703290,green
33891771888594180,Cleanliness,2,1461703293,green
33891771888594180,Cleanliness,4,1461703301,green
33891771888594180,SleepQuality,1,1461703302,green
33891771888594180,Room,1,1461703303,green
33891771888594180,Service,5,1461703305,green
33891771888594180,Value,2,1461703306,green
4196671393628426,Overall,2,1461703402,green
4196671393628426,Cleanliness,4,1461703405,green
4196671393628426,SleepQuality,1,1461703407,green
4196671393628426,Room,2,1461703409,green
4196671393628426,Service,3,1461703412,green
4196671393628426,Value,1,1461703415,green
6623857996697535,Overall,3,1461703449,green
6623857996697535,Cleanliness,3,1461703451,green
6623857996697535,SleepQuality,1,1461703452,green
6623857996697535,Room,1,1461703453,green
6623857996697535,Service,4,1461703454,green
6623857996697535,Value,2,1461703456,green
61701699928380550,Overall,3,1457929694,grey
61701699928380550,Cleanliness,4,1457929695,grey
61701699928380550,SleepQuality,3,1457929696,grey
61701699928380550,Room,4,1457929697,grey
61701699928380550,Service,5,1457929697,grey
61701699928380550,Value,5,1457929698,grey
68088265042752024,Overall,3,1457977105,grey
68088265042752024,Overall,4,1457977106,grey
68088265042752024,Cleanliness,2,1457977108,grey
68088265042752024,SleepQuality,4,1457977109,grey
68088265042752024,Room,2,1457977111,grey
68088265042752024,Service,1,1457977112,grey
68088265042752024,Value,4,1457977114,grey
49726025470189140,Overall,3,1458061953,grey
49726025470189140,Cleanliness,4,1458061957,grey
49726025470189140,SleepQuality,1,1458061959,grey
49726025470189140,SleepQuality,1,1458061960,grey
49726025470189140,SleepQuality,2,1458061961,grey
49726025470189140,Room,3,1458061964,grey
49726025470189140,Service,2,1458061965,grey
49726025470189140,Service,3,1458061967,grey
49726025470189140,Value,4,1458061971,grey
78962659745939440,Overall,3,1458062005,grey
78962659745939440,Overall,2,1458062007,grey
78962659745939440,Cleanliness,4,1458062014,grey
78962659745939440,SleepQuality,2,1458062018,grey
78962659745939440,Overall,3,1458062020,grey
78962659745939440,Room,3,1458062022,grey
78962659745939440,Service,4,1458062025,grey
78962659745939440,Value,3,1458062027,grey
97443661301675730,Overall,2,1458062029,grey
97443661301675730,Cleanliness,4,1458062032,grey
97443661301675730,SleepQuality,2,1458062032,grey
97443661301675730,Room,1,1458062034,grey
97443661301675730,Service,3,1458062036,grey
97443661301675730,Value,2,1458062038,grey
51867490847564056,Overall,2,1458062134,grey
51867490847564056,Cleanliness,4,1458062138,grey
51867490847564056,SleepQuality,2,1458062141,grey
51867490847564056,Room,2,1458062142,grey
51867490847564056,Service,2,1458062143,grey
51867490847564056,Value,2,1458062144,grey
13009787811196750,Overall,2,1458062164,grey
13009787811196750,Cleanliness,4,1458062166,grey
13009787811196750,SleepQuality,2,1458062170,grey
13009787811196750,Room,2,1458062172,grey
13009787811196750,Service,5,1458062174,grey
13009787811196750,Value,2,1458062181,grey
13009787811196750,SleepQuality,1,1458062182,grey
13009787811196750,Service,4,1458062197,grey
13009787811196750,Service,5,1458062198,grey
9606190516258018,Overall,2,1458063222,grey
9606190516258018,Cleanliness,4,1458063228,grey
9606190516258018,SleepQuality,1,1458063230,grey
9606190516258018,Room,2,1458063233,grey
9606190516258018,Service,5,1458063238,grey
9606190516258018,Value,1,1458063242,grey
9606190516258018,Overall,3,1458063256,grey
9606190516258018,Overall,2,1458063261,grey
98774659559758260,Overall,1,1458063366,grey
98774659559758260,Cleanliness,3,1458063370,grey
98774659559758260,SleepQuality,1,1458063372,grey
98774659559758260,Room,1,1458063374,grey
98774659559758260,Service,2,1458063376,grey
98774659559758260,Value,1,1458063378,grey
24263608770248936,Overall,2,1458149842,grey
24263608770248936,Cleanliness,3,1458149843,grey
24263608770248936,SleepQuality,1,1458149844,grey
24263608770248936,Room,2,1458149847,grey
24263608770248936,Service,3,1458149850,grey
24263608770248936,Value,2,1458149853,grey
30450215457674388,Overall,2,1458149954,grey
63310204412993950,Overall,2,1458149955,grey
30450215457674388,Cleanliness,5,1458149957,grey
30450215457674388,SleepQuality,1,1458149959,grey
63310204412993950,Cleanliness,3,1458149959,grey
30450215457674388,Room,3,1458149961,grey
63310204412993950,SleepQuality,2,1458149961,grey
63310204412993950,Room,2,1458149963,grey
30450215457674388,Service,5,1458149963,grey
63310204412993950,Service,3,1458149965,grey
30450215457674388,Value,3,1458149965,grey
63310204412993950,Value,1,1458149968,grey
31435886168731452,Overall,3,1458155285,grey
31435886168731452,Cleanliness,2,1458155287,grey
31435886168731452,SleepQuality,2,1458155288,grey
31435886168731452,Room,3,1458155289,grey
31435886168731452,Room,2,1458155290,grey
31435886168731452,Service,4,1458155291,grey
31435886168731452,Value,2,1458155292,grey
74206796239729700,Overall,2,1458156870,grey
74206796239729700,Cleanliness,3,1458156873,grey
74206796239729700,SleepQuality,1,1458156874,grey
74206796239729700,Room,2,1458156875,grey
74206796239729700,Service,5,1458156879,grey
74206796239729700,Value,2,1458156880,grey
56223790317977690,Overall,2,1458156910,grey
56223790317977690,Cleanliness,4,1458156913,grey
56223790317977690,SleepQuality,2,1458156914,grey
56223790317977690,Service,4,1458156923,grey
56223790317977690,Value,2,1458156928,grey
56223790317977690,Room,3,1458156957,grey
10702773053071302,Overall,2,1459359471,grey
10702773053071302,Cleanliness,3,1459359473,grey
10702773053071302,SleepQuality,2,1459359474,grey
10702773053071302,Room,2,1459359475,grey
10702773053071302,Service,2,1459359476,grey
10702773053071302,Value,1,1459359480,grey
43611763272135270,Overall,2,1459359499,grey
798558077368860.5,Overall,2,1459359500,grey
43611763272135270,Cleanliness,3,1459359502,grey
43611763272135270,SleepQuality,2,1459359504,grey
798558077368860.5,Cleanliness,2,1459359504,grey
798558077368860.5,SleepQuality,3,1459359506,grey
43611763272135270,Room,1,1459359506,grey
43611763272135270,Service,4,1459359507,grey
798558077368860.5,Room,2,1459359508,grey
43611763272135270,Value,1,1459359509,grey
798558077368860.5,Service,4,1459359512,grey
798558077368860.5,Value,1,1459359514,grey
84429636932952110,Overall,2,1459359554,grey
84429636932952110,Cleanliness,4,1459359557,grey
84429636932952110,SleepQuality,1,1459359559,grey
84429636932952110,Room,2,1459359561,grey
84429636932952110,Service,4,1459359563,grey
84429636932952110,Value,1,1459359566,grey
97356918427137180,Overall,2,1459359619,grey
97356918427137180,Cleanliness,4,1459359625,grey
97356918427137180,SleepQuality,2,1459359627,grey
25045248727244010,Overall,2,1459359628,grey
25045248727244010,Cleanliness,3,1459359630,grey
97356918427137180,Room,3,1459359631,grey
25045248727244010,SleepQuality,3,1459359632,grey
97356918427137180,Service,5,1459359635,grey
25045248727244010,Room,3,1459359635,grey
97356918427137180,Value,1,1459359636,grey
25045248727244010,Service,4,1459359637,grey
25045248727244010,Value,2,1459359639,grey
9225520787530206,Overall,2,1459359859,grey
9225520787530206,Cleanliness,3,1459359862,grey
9225520787530206,Cleanliness,4,1459359866,grey
9225520787530206,SleepQuality,2,1459359869,grey
9225520787530206,Room,2,1459359873,grey
9225520787530206,Room,1,1459359874,grey
9225520787530206,Service,2,1459359879,grey
9225520787530206,Value,2,1459359880,grey
97174767216267970,Overall,3,1459361207,grey
97174767216267970,Cleanliness,4,1459361209,grey
97174767216267970,SleepQuality,2,1459361210,grey
97174767216267970,Room,2,1459361211,grey
97174767216267970,Service,4,1459361212,grey
97174767216267970,Value,2,1459361213,grey
97174767216267970,Value,3,1459361214,grey
97174767216267970,Value,2,1459361215,grey
36364111024253144,Overall,3,1459361233,grey
36364111024253144,Cleanliness,3,1459361237,grey
36364111024253144,SleepQuality,2,1459361238,grey
36364111024253144,Room,2,1459361240,grey
36364111024253144,Service,4,1459361242,grey
91379210855641040,Service,4,1459361242,grey
36364111024253144,Value,1,1459361244,grey
91379210855641040,Value,1,1459361246,grey
91379210855641040,Overall,2,1459361248,grey
91379210855641040,Cleanliness,3,1459361250,grey
91379210855641040,Cleanliness,4,1459361251,grey
91379210855641040,SleepQuality,3,1459361257,grey
91379210855641040,Room,2,1459361258,grey
91379210855641040,SleepQuality,2,1459361261,grey
91379210855641040,SleepQuality,1,1459361271,grey
91379210855641040,Room,1,1459361277,grey
77724794952498290,SleepQuality,1,1459361329,grey
77724794952498290,Service,5,1459361333,grey
77724794952498290,Room,2,1459361335,grey
77724794952498290,Cleanliness,2,1459361338,grey
77724794952498290,Overall,2,1459361340,grey
77724794952498290,Value,1,1459361342,grey
30507213659222690,Overall,2,1459361375,grey
13669438240235766,Overall,2,1459361376,grey
30507213659222690,Cleanliness,4,1459361379,grey
13669438240235766,Service,5,1459361380,grey
30507213659222690,SleepQuality,1,1459361381,grey
13669438240235766,Value,2,1459361382,grey
30507213659222690,Room,2,1459361382,grey
13669438240235766,SleepQuality,2,1459361384,grey
30507213659222690,Service,5,1459361384,grey
13669438240235766,Cleanliness,3,1459361385,grey
30507213659222690,Value,1,1459361386,grey
13669438240235766,Room,3,1459361390,grey
13669438240235766,Service,4,1459361401,grey
13669438240235766,Service,5,1459361406,grey
13669438240235766,Value,1,1459361420,grey
32919760245299544,Overall,2,1459363086,grey
32919760245299544,Cleanliness,4,1459363088,grey
32919760245299544,SleepQuality,3,1459363090,grey
32919760245299544,SleepQuality,2,1459363092,grey
32919760245299544,Room,3,1459363093,grey
32919760245299544,Service,4,1459363094,grey
32919760245299544,Value,2,1459363096,grey
13737034214662524,Overall,2,1459363480,grey
13737034214662524,Cleanliness,3,1459363487,grey
13737034214662524,Cleanliness,4,1459363490,grey
13737034214662524,SleepQuality,1,1459363494,grey
13737034214662524,Room,2,1459363498,grey
13737034214662524,Service,5,1459363500,grey
13737034214662524,Value,2,1459363502,grey
90649160285256740,Overall,2,1459364726,grey
90649160285256740,Cleanliness,4,1459364729,grey
90649160285256740,SleepQuality,2,1459364733,grey
90649160285256740,Room,2,1459364734,grey
90649160285256740,Service,4,1459364736,grey
90649160285256740,Value,2,1459364739,grey
12978453086049302,Overall,3,1459364799,grey
12978453086049302,Cleanliness,4,1459364801,grey
12978453086049302,Overall,2,1459364801,grey
12978453086049302,SleepQuality,2,1459364803,grey
12978453086049302,Room,2,1459364805,grey
12978453086049302,Service,4,1459364807,grey
12978453086049302,Value,2,1459364809,grey
76354460648362880,Overall,2,1461694178,grey
76354460648362880,Overall,1,1461694179,grey
76354460648362880,Cleanliness,2,1461694180,grey
76354460648362880,SleepQuality,1,1461694182,grey
76354460648362880,Room,1,1461694184,grey
76354460648362880,Service,1,1461694185,grey
76354460648362880,Value,1,1461694185,grey
14658286770643692,Overall,1,1461694240,grey
14658286770643692,Cleanliness,3,1461694242,grey
14658286770643692,SleepQuality,2,1461694243,grey
14658286770643692,Room,2,1461694245,grey
14658286770643692,Service,4,1461694249,grey
14658286770643692,Value,2,1461694251,grey
85559458955431300,Overall,1,1461694264,grey
48028961266276800,Overall,2,1461694265,grey
85559458955431300,Cleanliness,3,1461694266,grey
85559458955431300,SleepQuality,1,1461694267,grey
48028961266276800,Cleanliness,2,1461694267,grey
85559458955431300,Room,2,1461694269,grey
48028961266276800,SleepQuality,1,1461694269,grey
85559458955431300,Service,5,1461694270,grey
85559458955431300,Service,4,1461694271,grey
48028961266276800,Room,2,1461694271,grey
85559458955431300,Value,1,1461694273,grey
48028961266276800,Service,3,1461694273,grey
37608252006292270,Overall,2,1461694273,grey
48028961266276800,Value,2,1461694275,grey
37608252006292270,Cleanliness,5,1461694277,grey
37608252006292270,SleepQuality,2,1461694280,grey
37608252006292270,Room,2,1461694282,grey
37608252006292270,Service,4,1461694284,grey
37608252006292270,Value,2,1461694286,grey
31020756760398060,SleepQuality,1,1461694330,grey
31020756760398060,Room,2,1461694334,grey
31020756760398060,Service,5,1461694337,grey
31020756760398060,Service,4,1461694338,grey
31020756760398060,Value,1,1461694340,grey
31020756760398060,Overall,2,1461694346,grey
31020756760398060,Cleanliness,2,1461694348,grey
31020756760398060,Cleanliness,3,1461694350,grey
39787748911264200,Overall,3,1461694395,grey
39787748911264200,Cleanliness,4,1461694396,grey
39787748911264200,SleepQuality,1,1461694398,grey
39787748911264200,Room,2,1461694400,grey
39787748911264200,Service,4,1461694401,grey
39787748911264200,Value,2,1461694403,grey
92357570113176980,Overall,2,1461696185,grey
92357570113176980,Cleanliness,3,1461696187,grey
92357570113176980,SleepQuality,1,1461696189,grey
92357570113176980,Room,1,1461696190,grey
92357570113176980,Service,2,1461696193,grey
92357570113176980,Value,2,1461696195,grey
41606229480437840,Overall,3,1461696260,grey
41606229480437840,Overall,2,1461696261,grey
63875592160250760,Overall,1,1461696264,grey
41606229480437840,Cleanliness,3,1461696264,grey
63875592160250760,Cleanliness,1,1461696264,grey
41606229480437840,SleepQuality,2,1461696266,grey
63875592160250760,SleepQuality,1,1461696266,grey
41606229480437840,Room,2,1461696267,grey
63875592160250760,Room,1,1461696267,grey
63875592160250760,Service,4,1461696269,grey
41606229480437840,Service,3,1461696269,grey
63875592160250760,Value,1,1461696269,grey
41606229480437840,Value,3,1461696272,grey
41606229480437840,Value,2,1461696273,grey
49076458750409020,Overall,3,1461696477,grey
49076458750409020,Cleanliness,4,1461696479,grey
49076458750409020,SleepQuality,3,1461696480,grey
49076458750409020,Room,3,1461696489,grey
49076458750409020,Service,4,1461696491,grey
49076458750409020,Value,2,1461696493,grey
68322990164083060,Overall,2,1461697947,grey
68322990164083060,Cleanliness,4,1461697950,grey
68322990164083060,Cleanliness,5,1461697954,grey
68322990164083060,SleepQuality,1,1461697957,grey
68322990164083060,Room,2,1461697960,grey
68322990164083060,Service,3,1461697963,grey
68322990164083060,Value,2,1461697966,grey
61281112265133490,Overall,4,1461699462,grey
61281112265133490,Overall,2,1461699468,grey
61281112265133490,Cleanliness,4,1461699471,grey
61281112265133490,SleepQuality,1,1461699473,grey
61281112265133490,Room,2,1461699475,grey
61281112265133490,Service,4,1461699477,grey
61281112265133490,Service,3,1461699478,grey
61281112265133490,Value,2,1461699481,grey
94074189126247900,Overall,2,1461699527,grey
94074189126247900,Cleanliness,3,1461699529,grey
94074189126247900,SleepQuality,1,1461699531,grey
94074189126247900,Room,3,1461699533,grey
94074189126247900,Service,5,1461699534,grey
94074189126247900,Value,2,1461699537,grey
55781672150761550,Overall,2,1461701372,grey
55781672150761550,Cleanliness,4,1461701381,grey
55781672150761550,Cleanliness,3,1461701384,grey
55781672150761550,SleepQuality,2,1461701386,grey
55781672150761550,Room,3,1461701390,grey
55781672150761550,Service,4,1461701393,grey
55781672150761550,Service,5,1461701394,grey
55781672150761550,Service,4,1461701395,grey
55781672150761550,Value,1,1461701399,grey
4852553588784891,Overall,3,1461701506,grey
4852553588784891,Overall,2,1461701508,grey
4852553588784891,Cleanliness,3,1461701510,grey
4852553588784891,SleepQuality,4,1461701511,grey
4852553588784891,Room,3,1461701512,grey
4852553588784891,Service,5,1461701514,grey
4852553588784891,Value,2,1461701516,grey
2015168453014348.8,Overall,1,1461701517,grey
2015168453014348.8,Cleanliness,4,1461701518,grey
2015168453014348.8,SleepQuality,1,1461701520,grey
2015168453014348.8,Room,2,1461701522,grey
2015168453014348.8,Service,5,1461701523,grey
2015168453014348.8,Value,1,1461701525,grey
5713105657591799,Overall,2,1461701589,grey
5713105657591799,Cleanliness,3,1461701593,grey
5713105657591799,SleepQuality,1,1461701594,grey
5713105657591799,Room,1,1461701594,grey
5713105657591799,Service,2,1461701597,grey
5713105657591799,Value,2,1461701598,grey
84699984175484830,Overall,2,1461703243,grey
84699984175484830,Cleanliness,4,1461703244,grey
84699984175484830,SleepQuality,2,1461703246,grey
84699984175484830,Room,3,1461703248,grey
84699984175484830,Service,3,1461703250,grey
84699984175484830,Value,1,1461703251,grey
29675541357862570,Overall,2,1461703338,grey
29675541357862570,Cleanliness,4,1461703341,grey
29675541357862570,SleepQuality,1,1461703343,grey
29675541357862570,Room,1,1461703345,grey
29675541357862570,Service,3,1461703347,grey
29675541357862570,Value,2,1461703349,grey
11940874299034476,Overall,5,1457931150,red
11940874299034476,Cleanliness,3,1457931151,red
11940874299034476,Cleanliness,2,1457931152,red
39668007986620070,Overall,5,1457931253,red
39668007986620070,SleepQuality,2,1457931254,red
39668007986620070,Service,4,1457931255,red
23502946761436760,Overall,1,1457976966,red
23502946761436760,Cleanliness,4,1457976967,red
23502946761436760,SleepQuality,1,1457976969,red
23502946761436760,Room,3,1457976971,red
23502946761436760,Service,5,1457976972,red
23502946761436760,Value,2,1457976973,red
22347728395752344,Service,5,1457977118,red
22347728395752344,Value,2,1457977121,red
22347728395752344,Room,1,1457977122,red
22347728395752344,SleepQuality,2,1457977124,red
22347728395752344,Cleanliness,3,1457977127,red
22347728395752344,Overall,3,1457977128,red
96378944767639040,Overall,1,1457977141,red
96378944767639040,Cleanliness,3,1457977146,red
96378944767639040,SleepQuality,1,1457977147,red
96378944767639040,Room,2,1457977149,red
96378944767639040,Service,5,1457977151,red
96378944767639040,Value,1,1457977152,red
99798103352356660,Overall,2,1458061916,red
99798103352356660,Cleanliness,3,1458061918,red
99798103352356660,SleepQuality,1,1458061920,red
99798103352356660,Room,2,1458061922,red
99798103352356660,Service,5,1458061924,red
99798103352356660,Service,4,1458061925,red
99798103352356660,Value,2,1458061927,red
30080374565142210,Overall,3,1458061931,red
30080374565142210,Overall,4,1458061932,red
30080374565142210,Overall,4,1458061940,red
30080374565142210,Overall,3,1458061944,red
30080374565142210,Cleanliness,4,1458061947,red
30080374565142210,SleepQuality,2,1458061949,red
30080374565142210,Room,2,1458061951,red
30080374565142210,Service,3,1458061953,red
30080374565142210,Value,1,1458061955,red
55963579384078720,Overall,2,1458062084,red
55963579384078720,Cleanliness,4,1458062087,red
55963579384078720,Cleanliness,3,1458062088,red
55963579384078720,SleepQuality,4,1458062090,red
55963579384078720,SleepQuality,1,1458062093,red
55963579384078720,Room,2,1458062095,red
55963579384078720,Service,3,1458062098,red
55963579384078720,Value,2,1458062099,red
82861086010897860,Overall,2,1458062131,red
82861086010897860,Cleanliness,2,1458062135,red
82861086010897860,SleepQuality,2,1458062138,red
82861086010897860,Room,2,1458062141,red
82861086010897860,Service,2,1458062144,red
82861086010897860,Value,2,1458062146,red
93028647013980200,Overall,1,1458063404,red
93028647013980200,Cleanliness,5,1458063419,red
93028647013980200,Cleanliness,4,1458063422,red
93028647013980200,SleepQuality,2,1458063424,red
93028647013980200,Service,5,1458063437,red
93028647013980200,Value,1,1458063440,red
93028647013980200,SleepQuality,1,1458063444,red
93028647013980200,Room,1,1458063448,red
67045595710422230,Overall,3,1458149825,red
67045595710422230,Cleanliness,4,1458149826,red
67045595710422230,SleepQuality,2,1458149828,red
67045595710422230,Room,3,1458149830,red
67045595710422230,Service,3,1458149836,red
67045595710422230,Value,4,1458149838,red
94323863819249330,Overall,2,1458149861,red
94323863819249330,Cleanliness,2,1458149865,red
94323863819249330,SleepQuality,1,1458149865,red
94323863819249330,Room,2,1458149867,red
94323863819249330,Service,4,1458149869,red
94323863819249330,Value,2,1458149871,red
14835555558630630,Overall,2,1458149960,red
14835555558630630,Cleanliness,3,1458149964,red
14835555558630630,SleepQuality,1,1458149965,red
14835555558630630,Room,2,1458149966,red
14835555558630630,Service,4,1458149967,red
14835555558630630,Value,2,1458149969,red
66701037972604450,Overall,1,1458150018,red
66701037972604450,Overall,2,1458150020,red
66701037972604450,Cleanliness,4,1458150026,red
66701037972604450,SleepQuality,1,1458150031,red
66701037972604450,Room,3,1458150033,red
66701037972604450,Service,5,1458150035,red
66701037972604450,Value,2,1458150036,red
93615635353208900,SleepQuality,1,1458155143,red
93615635353208900,Overall,2,1458155154,red
93615635353208900,Cleanliness,3,1458155156,red
93615635353208900,Room,1,1458155157,red
93615635353208900,Service,4,1458155159,red
93615635353208900,Value,1,1458155161,red
56448349009824696,Overall,3,1458155172,red
56448349009824696,Overall,2,1458155175,red
56448349009824696,Cleanliness,3,1458155179,red
56448349009824696,SleepQuality,1,1458155181,red
56448349009824696,Room,2,1458155183,red
56448349009824696,Service,2,1458155185,red
56448349009824696,Value,1,1458155187,red
68434163401742090,Overall,2,1458155200,red
68434163401742090,Cleanliness,3,1458155202,red
68434163401742090,SleepQuality,3,1458155203,red
68434163401742090,Room,4,1458155204,red
68434163401742090,Room,3,1458155206,red
68434163401742090,Service,4,1458155206,red
68434163401742090,Value,2,1458155207,red
83256732441477950,Overall,1,1458156702,red
83256732441477950,Cleanliness,2,1458156704,red
83256732441477950,SleepQuality,1,1458156705,red
83256732441477950,Room,1,1458156706,red
83256732441477950,Service,5,1458156707,red
83256732441477950,Value,1,1458156707,red
43151829938421330,Overall,1,1458156718,red
43151829938421330,Cleanliness,3,1458156722,red
43151829938421330,SleepQuality,1,1458156724,red
43151829938421330,Room,2,1458156726,red
43151829938421330,Service,4,1458156728,red
43151829938421330,Value,1,1458156732,red
69986789320343770,Overall,3,1458156801,red
69986789320343770,Cleanliness,4,1458156802,red
69986789320343770,SleepQuality,3,1458156803,red
69986789320343770,Room,4,1458156804,red
69986789320343770,Service,4,1458156804,red
69986789320343770,Value,3,1458156805,red
69986789320343770,Service,4,1458156807,red
69986789320343770,Room,3,1458156808,red
69986789320343770,Cleanliness,4,1458156809,red
69986789320343770,Cleanliness,4,1458156813,red
69986789320343770,SleepQuality,4,1458156814,red
69986789320343770,SleepQuality,2,1458156815,red
69986789320343770,Room,2,1458156818,red
69986789320343770,Service,2,1458156819,red
74416671097584480,Overall,2,1458156972,red
74416671097584480,Cleanliness,4,1458156973,red
74416671097584480,SleepQuality,1,1458156975,red
74416671097584480,Room,2,1458156977,red
74416671097584480,Service,4,1458156979,red
74416671097584480,Value,2,1458156981,red
31540302449200984,Overall,3,1458157332,red
31540302449200984,Cleanliness,3,1458157333,red
31540302449200984,SleepQuality,2,1458157335,red
31540302449200984,Room,3,1458157336,red
31540302449200984,Service,5,1458157339,red
31540302449200984,Value,2,1458157340,red
32156009431391940,Overall,2,1458233996,red
32156009431391940,Cleanliness,4,1458233998,red
32156009431391940,SleepQuality,1,1458234000,red
32156009431391940,Room,2,1458234004,red
32156009431391940,Service,3,1458234006,red
32156009431391940,Value,1,1458234008,red
85637465384430400,Overall,2,1459359404,red
85637465384430400,Cleanliness,2,1459359405,red
85637465384430400,SleepQuality,2,1459359408,red
85637465384430400,Room,3,1459359409,red
85637465384430400,Service,4,1459359411,red
85637465384430400,Value,2,1459359412,red
73405925544584030,Overall,2,1459359434,red
73405925544584030,Cleanliness,4,1459359436,red
73405925544584030,SleepQuality,2,1459359438,red
73405925544584030,Room,3,1459359441,red
73405925544584030,Service,5,1459359442,red
73405925544584030,Value,2,1459359446,red
90923440469645760,Overall,3,1459359447,red
90923440469645760,Cleanliness,4,1459359449,red
90923440469645760,SleepQuality,1,1459359455,red
90923440469645760,Room,2,1459359457,red
90923440469645760,Service,3,1459359458,red
90923440469645760,Value,3,1459359459,red
49083205169651210,Overall,3,1459359611,red
49083205169651210,Cleanliness,4,1459359614,red
49083205169651210,SleepQuality,2,1459359615,red
49083205169651210,Room,3,1459359617,red
49083205169651210,Service,5,1459359618,red
49083205169651210,Value,2,1459359620,red
46329363515747120,Overall,2,1459361285,red
46329363515747120,Cleanliness,4,1459361289,red
46329363515747120,SleepQuality,2,1459361290,red
46329363515747120,Room,2,1459361291,red
46329363515747120,Service,4,1459361293,red
46329363515747120,Value,2,1459361294,red
71404924003784550,Overall,3,1459361300,red
71404924003784550,Cleanliness,2,1459361304,red
71404924003784550,SleepQuality,2,1459361306,red
71404924003784550,Room,2,1459361310,red
71404924003784550,Service,2,1459361312,red
71404924003784550,Value,2,1459361314,red
71404924003784550,Overall,2,1459361317,red
4668976648079104,Overall,2,1459361324,red
4668976648079104,Cleanliness,4,1459361326,red
4668976648079104,SleepQuality,2,1459361328,red
4668976648079104,Room,2,1459361330,red
4668976648079104,Service,4,1459361332,red
4668976648079104,Value,3,1459361334,red
55493971926155304,Overall,2,1459361355,red
55493971926155304,Cleanliness,3,1459361359,red
55493971926155304,SleepQuality,1,1459361360,red
55493971926155304,Room,1,1459361364,red
55493971926155304,Service,5,1459361365,red
55493971926155304,Value,2,1459361367,red
27422565525708544,Overall,3,1459361404,red
27422565525708544,Cleanliness,5,1459361407,red
27422565525708544,Cleanliness,4,1459361408,red
27422565525708544,SleepQuality,4,1459361411,red
27422565525708544,Room,3,1459361415,red
27422565525708544,Service,5,1459361417,red
27422565525708544,Value,4,1459361425,red
27422565525708544,Overall,4,1459361433,red
27422565525708544,SleepQuality,3,1459361437,red
33137975770100092,Overall,2,1459361522,red
33137975770100092,Cleanliness,4,1459361525,red
85944749966639170,Overall,2,1459361527,red
33137975770100092,SleepQuality,1,1459361528,red
85944749966639170,Cleanliness,5,1459361529,red
85944749966639170,Cleanliness,4,1459361530,red
85944749966639170,SleepQuality,2,1459361532,red
33137975770100092,Room,2,1459361532,red
85944749966639170,Room,2,1459361534,red
33137975770100092,Service,3,1459361538,red
85944749966639170,Service,2,1459361540,red
33137975770100092,Value,2,1459361540,red
85944749966639170,Service,4,1459361541,red
85944749966639170,Service,3,1459361542,red
85944749966639170,Value,2,1459361544,red
21043115327481820,Overall,3,1459362976,red
21043115327481820,Cleanliness,3,1459362978,red
21043115327481820,SleepQuality,3,1459362979,red
21043115327481820,Room,3,1459362980,red
21043115327481820,Service,4,1459362983,red
21043115327481820,Value,2,1459362985,red
49513502585135580,Overall,5,1459362999,red
49513502585135580,Cleanliness,3,1459363002,red
49513502585135580,SleepQuality,4,1459363006,red
49513502585135580,Room,3,1459363009,red
49513502585135580,Service,5,1459363010,red
49513502585135580,Value,4,1459363012,red
72819720846139410,Overall,5,1459363056,red
72819720846139410,Overall,2,1459363059,red
72819720846139410,Cleanliness,2,1459363061,red
72819720846139410,SleepQuality,3,1459363062,red
72819720846139410,Room,2,1459363064,red
72819720846139410,Service,5,1459363065,red
72819720846139410,Value,2,1459363067,red
72819720846139410,Room,1,1459363070,red
51637567588261340,Overall,4,1459363094,red
51637567588261340,Overall,3,1459363095,red
51637567588261340,Cleanliness,3,1459363097,red
51637567588261340,SleepQuality,2,1459363099,red
51637567588261340,Cleanliness,2,1459363099,red
51637567588261340,Cleanliness,3,1459363100,red
51637567588261340,Room,2,1459363101,red
51637567588261340,Room,4,1459363102,red
51637567588261340,Service,3,1459363104,red
51637567588261340,Value,3,1459363104,red
36478771234108210,Overall,4,1459363112,red
36478771234108210,Overall,3,1459363115,red
36478771234108210,Cleanliness,2,1459363123,red
36478771234108210,SleepQuality,3,1459363125,red
36478771234108210,Room,2,1459363128,red
36478771234108210,Service,3,1459363132,red
36478771234108210,Value,2,1459363133,red
36478771234108210,Overall,2,1459363138,red
71075522040317550,Overall,2,1459364772,red
71075522040317550,Cleanliness,4,1459364775,red
71075522040317550,SleepQuality,1,1459364776,red
71075522040317550,Room,2,1459364778,red
71075522040317550,Service,4,1459364778,red
71075522040317550,Value,2,1459364780,red
71075522040317550,Service,3,1459364786,red
71075522040317550,Cleanliness,3,1459364789,red
1649657846506746.8,Overall,2,1459364843,red
1649657846506746.8,Cleanliness,4,1459364844,red
1649657846506746.8,SleepQuality,1,1459364846,red
1649657846506746.8,Room,2,1459364848,red
1649657846506746.8,Service,4,1459364849,red
1649657846506746.8,Value,2,1459364850,red
21035406626681040,Overall,5,1459364964,red
21035406626681040,Overall,1,1459364968,red
21035406626681040,Overall,3,1459364971,red
21035406626681040,Cleanliness,3,1459364974,red
21035406626681040,SleepQuality,1,1459364976,red
21035406626681040,Room,2,1459364978,red
21035406626681040,Service,4,1459364980,red
21035406626681040,Value,2,1459364982,red
21035406626681040,Cleanliness,4,1459364988,red
51807913135015496,Overall,2,1459365039,red
51807913135015496,Cleanliness,3,1459365041,red
51807913135015496,SleepQuality,1,1459365043,red
51807913135015496,Room,2,1459365044,red
51807913135015496,Service,3,1459365045,red
51807913135015496,Value,2,1459365047,red
94407509641520350,Overall,4,1461694073,red
94407509641520350,Overall,2,1461694076,red
94407509641520350,Cleanliness,2,1461694078,red
94407509641520350,SleepQuality,3,1461694078,red
94407509641520350,SleepQuality,1,1461694079,red
94407509641520350,Room,4,1461694081,red
94407509641520350,Service,5,1461694083,red
94407509641520350,Room,3,1461694083,red
94407509641520350,Value,3,1461694085,red
86564245328066140,Overall,2,1461694137,red
86564245328066140,Cleanliness,4,1461694141,red
86564245328066140,SleepQuality,1,1461694142,red
86564245328066140,SleepQuality,2,1461694144,red
86564245328066140,Room,2,1461694147,red
86564245328066140,Service,2,1461694147,red
86564245328066140,Service,3,1461694149,red
86564245328066140,Value,1,1461694151,red
68878302170348310,Overall,2,1461694218,red
68878302170348310,Cleanliness,4,1461694219,red
68878302170348310,SleepQuality,1,1461694221,red
68878302170348310,Room,1,1461694222,red
68878302170348310,Service,5,1461694223,red
68878302170348310,Value,1,1461694224,red
30335768456902200,Overall,2,1461694279,red
30335768456902200,Cleanliness,4,1461694282,red
30335768456902200,SleepQuality,1,1461694283,red
30335768456902200,Room,2,1461694284,red
30335768456902200,Service,4,1461694287,red
30335768456902200,Service,5,1461694288,red
30335768456902200,Value,1,1461694290,red
26804173678357500,Overall,1,1461694410,red
26804173678357500,Cleanliness,3,1461694411,red
26804173678357500,SleepQuality,1,1461694413,red
26804173678357500,Room,1,1461694415,red
26804173678357500,Service,3,1461694418,red
26804173678357500,Value,2,1461694421,red
38577065679367520,Overall,2,1461696317,red
38577065679367520,Cleanliness,4,1461696320,red
38577065679367520,SleepQuality,1,1461696324,red
38577065679367520,Room,1,1461696326,red
38577065679367520,Service,3,1461696328,red
38577065679367520,Value,2,1461696331,red
32716741272556130,Overall,1,1461697235,red
32716741272556130,Cleanliness,1,1461697238,red
32716741272556130,Service,3,1461697239,red
32716741272556130,Service,4,1461697240,red
32716741272556130,Room,1,1461697241,red
32716741272556130,SleepQuality,1,1461697242,red
32716741272556130,Value,1,1461697244,red
699711076389464.2,Overall,2,1461697278,red
699711076389464.2,Cleanliness,3,1461697281,red
699711076389464.2,SleepQuality,1,1461697281,red
699711076389464.2,Room,3,1461697283,red
699711076389464.2,Service,1,1461697284,red
699711076389464.2,Service,2,1461697285,red
699711076389464.2,Value,1,1461697286,red
699711076389464.2,Value,2,1461697287,red
55004250935288310,Overall,1,1461697410,red
55004250935288310,Cleanliness,2,1461697412,red
55004250935288310,Service,4,1461697416,red
55004250935288310,SleepQuality,1,1461697419,red
55004250935288310,Room,1,1461697421,red
55004250935288310,Value,2,1461697423,red
51067143434825370,Overall,3,1461697520,red
51067143434825370,Cleanliness,4,1461697523,red
51067143434825370,SleepQuality,3,1461697525,red
51067143434825370,Room,2,1461697528,red
51067143434825370,Service,3,1461697531,red
51067143434825370,Value,2,1461697534,red
93387031749536700,Overall,4,1461699301,red
93387031749536700,Overall,3,1461699303,red
93387031749536700,Service,4,1461699307,red
93387031749536700,Service,5,1461699309,red
93387031749536700,Room,2,1461699311,red
93387031749536700,SleepQuality,2,1461699313,red
93387031749536700,Cleanliness,4,1461699314,red
93387031749536700,Value,4,1461699315,red
93387031749536700,Value,3,1461699316,red
61432406725002520,Overall,2,1461699390,red
61432406725002520,Cleanliness,2,1461699397,red
61432406725002520,SleepQuality,2,1461699397,red
87315986497917020,Overall,2,1461699398,red
61432406725002520,Room,2,1461699399,red
61432406725002520,Service,2,1461699399,red
87315986497917020,Cleanliness,3,1461699399,red
87315986497917020,SleepQuality,2,1461699400,red
61432406725002520,Cleanliness,3,1461699401,red
61432406725002520,Value,2,1461699401,red
87315986497917020,Room,2,1461699407,red
87315986497917020,Service,2,1461699408,red
87315986497917020,Value,1,1461699409,red
87315986497917020,Value,2,1461699413,red
37510331506961256,Overall,3,1461699426,red
37510331506961256,Cleanliness,4,1461699429,red
37510331506961256,SleepQuality,2,1461699430,red
37510331506961256,Room,3,1461699433,red
37510331506961256,Service,4,1461699434,red
37510331506961256,Value,3,1461699436,red
65098046660339450,Overall,3,1461699503,red
65098046660339450,Cleanliness,3,1461699507,red
65098046660339450,Cleanliness,4,1461699508,red
65098046660339450,SleepQuality,2,1461699509,red
65098046660339450,Room,2,1461699511,red
65098046660339450,Service,4,1461699513,red
65098046660339450,Service,3,1461699514,red
65098046660339450,Value,1,1461699517,red
65098046660339450,Value,2,1461699518,red
65098046660339450,Cleanliness,3,1461699524,red
31963105232954380,Overall,3,1461701433,red
31963105232954380,Cleanliness,4,1461701434,red
31963105232954380,SleepQuality,2,1461701435,red
31963105232954380,Room,2,1461701436,red
31963105232954380,Service,4,1461701437,red
31963105232954380,Value,2,1461701438,red
75448957460772600,Overall,2,1461701515,red
75448957460772600,Cleanliness,2,1461701515,red
75448957460772600,SleepQuality,2,1461701516,red
89265285524378720,Overall,2,1461701517,red
75448957460772600,Room,2,1461701517,red
75448957460772600,Service,1,1461701518,red
89265285524378720,Cleanliness,4,1461701518,red
75448957460772600,SleepQuality,1,1461701520,red
89265285524378720,SleepQuality,1,1461701520,red
75448957460772600,Room,1,1461701520,red
75448957460772600,Value,1,1461701523,red
89265285524378720,Room,2,1461701523,red
89265285524378720,Service,4,1461701525,red
43273324588486184,Overall,3,1461701526,red
89265285524378720,Value,2,1461701526,red
43273324588486184,Cleanliness,4,1461701529,red
43273324588486184,SleepQuality,2,1461701530,red
43273324588486184,Room,2,1461701532,red
43273324588486184,Service,3,1461701533,red
43273324588486184,Value,2,1461701535,red
87738706411884700,Overall,4,1461701537,red
87738706411884700,Overall,2,1461701539,red
87738706411884700,Cleanliness,3,1461701541,red
87738706411884700,SleepQuality,2,1461701543,red
87738706411884700,Room,2,1461701544,red
87738706411884700,Service,4,1461701545,red
87738706411884700,Value,2,1461701548,red
48110363340871090,Overall,2,1461701557,red
48110363340871090,Cleanliness,4,1461701562,red
48110363340871090,SleepQuality,1,1461701563,red
48110363340871090,Room,3,1461701564,red
48110363340871090,Service,5,1461701566,red
48110363340871090,Value,1,1461701567,red
79517164885091970,Overall,2,1461701577,red
79517164885091970,Cleanliness,4,1461701579,red
79517164885091970,SleepQuality,2,1461701580,red
79517164885091970,Room,2,1461701583,red
79517164885091970,Service,4,1461701586,red
79517164885091970,Value,2,1461701588,red
66869214923566104,Overall,2,1461701604,red
66869214923566104,Cleanliness,2,1461701606,red
66869214923566104,SleepQuality,1,1461701607,red
66869214923566104,Room,2,1461701608,red
66869214923566104,Service,3,1461701610,red
66869214923566104,Value,2,1461701612,red
14138159087249912,Overall,2,1461703571,red
14138159087249912,Cleanliness,4,1461703577,red
14138159087249912,SleepQuality,2,1461703579,red
14138159087249912,Room,1,1461703584,red
14138159087249912,Service,4,1461703586,red
14138159087249912,Value,2,1461703589,red
